NoticeNum,DateNotice,DateCancel,DateAbate,NT,Council_District,Neighborhood,Address
602095A,1279363800000,,,Vacant,9,Carrollton Ridge,2109 WILKENS AVE
333350A,1214497620000,,,Vacant,9,Carrollton Ridge,2101 WILKENS AVE
2188893A,1670248320000,,,Vacant,9,Carrollton Ridge,2001 WILKENS AVE
2344541A,1706782080000,,,Vacant,9,Carrollton Ridge,2003 WILKENS AVE
2057399A,1636116060000,,,Vacant,9,Carrollton Ridge,2009 WILKENS AVE
286076A,1201272300000,,,Vacant,9,Carrollton Ridge,2019 WILKENS AVE
2471895A,1737030780000,,,Vacant,9,Carrollton Ridge,2025 WILKENS AVE
2204658A,1675777920000,,,Vacant,9,Carrollton Ridge,2029 WILKENS AVE
1909805A,1593506700000,,,Vacant,9,Carrollton Ridge,2031 WILKENS AVE
1869872A,1577985780000,,,Vacant,9,Carrollton Ridge,2043 WILKENS AVE
1585676A,1504888200000,,,Vacant,9,Carrollton Ridge,2024 EAGLE ST
2451736A,1730358540000,,,Vacant,9,Carrollton Ridge,2022 EAGLE ST
2594923A,1764872400000,,,Vacant,9,Carrollton Ridge,2014 EAGLE ST
1471931A,1482486240000,,,Vacant,9,Carrollton Ridge,2008 EAGLE ST
1512989A,1490821860000,,,Vacant,9,Carrollton Ridge,1913 WILKENS AVE
1456124A,1476286860000,,,Vacant,9,Carrollton Ridge,1915 WILKENS AVE
1114343A,1405254780000,,,Vacant,9,Carrollton Ridge,1917 WILKENS AVE
1970910A,1613256180000,,,Vacant,9,Carrollton Ridge,1919 WILKENS AVE
2453380A,1730367780000,,,Vacant,9,Carrollton Ridge,1925 WILKENS AVE
2470904A,1737109800000,,,Vacant,9,Carrollton Ridge,1927 WILKENS AVE
1303833A,1444731600000,,,Vacant,9,Carrollton Ridge,1929 WILKENS AVE
1514340A,1490630820000,,,Vacant,9,Carrollton Ridge,1931 WILKENS AVE
2343156A,1706700600000,,,Vacant,9,Carrollton Ridge,1933 WILKENS AVE
675339A,1298037420000,,,Vacant,9,Carrollton Ridge,510 S MONROE ST
1072375A,1404405600000,,,Vacant,9,Mount Clare,1702 COLE ST
1651371A,1521847620000,,,Vacant,9,Mount Clare,1711 WILKENS AVE
2604782A,1768991580000,,,Vacant,9,Mount Clare,1708 COLE ST
2459227A,1732627740000,,,Vacant,9,Mount Clare,1710 COLE ST
438749A,1243421940000,,,Vacant,9,Mount Clare,420 S MOUNT ST
2613194A,1770909840000,,,Vacant,9,Hollins Market,1121 W LOMBARD ST
1296845A,1442591520000,,,Vacant,9,Hollins Market,1119 W LOMBARD ST
298819A,1205508780000,,,Vacant,9,Hollins Market, 
2554925A,1755657900000,,,Vacant,9,Hollins Market,124 S CARLTON ST
1878683A,1581703080000,,,Vacant,9,Hollins Market,1011 W LOMBARD ST
1334737A,1450441140000,,,Vacant,9,Hollins Market,1013 W LOMBARD ST
1465128A,1479296280000,,,Vacant,9,Carrollton Ridge,208 HARMISON ST
1092772A,1401466020000,,,Vacant,9,Carrollton Ridge,210 HARMISON ST
2587149A,1762516440000,,,Vacant,9,Carrollton Ridge,427 FURROW ST
2588476A,1765285740000,,,Vacant,9,Mount Clare,308 S GILMOR ST
2376267A,1714756500000,,,Vacant,9,Mount Clare,310 S GILMOR ST
283027A,1199954520000,,,Vacant,9,Carrollton Ridge,403 FURROW ST
2202042A,1676220600000,,,Vacant,9,Carrollton Ridge,414 FURROW ST
214804A,1182847140000,,,Vacant,9,Mount Clare,330 S STRICKER ST
1877121A,1581009360000,,,Vacant,9,Carrollton Ridge,437 S BENTALOU ST
2401186A,1719188220000,,,Vacant,9,Carrollton Ridge,425 S BENTALOU ST
1998026A,1623018900000,,,Vacant,9,Carrollton Ridge,421 S BENTALOU ST
2447409A,1729075200000,,,Vacant,9,Mount Clare,312 S STRICKER ST
2524010A,1750081920000,,,Vacant,9,Mount Clare,308 S STRICKER ST
201871A,1180441980000,,,Vacant,9,Mount Clare,304 S STRICKER ST
2382132A,1716473400000,,,Vacant,9,Mount Clare,302 S STRICKER ST
1433637A,1471457580000,,,Vacant,9,Mount Clare,335 S PARRISH ST
94955A,1130769900000,,,Vacant,9,Carrollton Ridge,420 FURROW ST
2342318A,1706104080000,,,Vacant,9,Mount Clare,324 S PARRISH ST
374442A,1225990560000,,,Vacant,9,Mount Clare,322 S PARRISH ST
2342353A,1706168760000,,,Vacant,9,Mount Clare,320 S PARRISH ST
295116A,1204738200000,,,Vacant,9,Mount Clare,314 S PARRISH ST
1329079A,1449762600000,,,Vacant,9,Mount Clare,312 S PARRISH ST
556559A,1271256540000,,,Vacant,9,Mount Clare,310 S PARRISH ST
187067A,1173975540000,,,Vacant,9,Mount Clare,308 S PARRISH ST
2492622A,1744030500000,,,Vacant,9,Mount Clare,308 S CALHOUN ST
1694476A,1531400640000,,,Vacant,9,Mount Clare,310 S CALHOUN ST
2565839A,1757950560000,,,Vacant,9,Mount Clare,314 S CALHOUN ST
811678A,1330255560000,,,Vacant,9,Mount Clare,316 S CALHOUN ST
237620A,1187973240000,,,Vacant,9,Mount Clare,318 S CALHOUN ST
2531417A,1751896440000,,,Vacant,9,Mount Clare,320 S CALHOUN ST
1523560A,1493394600000,,,Vacant,9,Mount Clare,322 S CALHOUN ST
2111562A,1653215640000,,,Vacant,9,Mount Clare,334 S CALHOUN ST
400367A,1231246680000,,,Vacant,9,Carrollton Ridge,426 FURROW ST
2499887A,1745710140000,,,Vacant,9,Mount Clare,346 S CALHOUN ST
423946A,1240305960000,,,Vacant,9,Mount Clare,1400 RAMSAY ST
1417909A,1468594140000,,,Vacant,9,Mount Clare,1404 RAMSAY ST
2627675A,1774538220000,,,Vacant,9,Mount Clare,1408 RAMSAY ST
1125427A,1406911080000,,,Vacant,9,Mount Clare,1412 RAMSAY ST
125017A,1142611380000,,,Vacant,9,Carrollton Ridge,434 FURROW ST
103052A,1133865300000,,,Vacant,9,Carrollton Ridge,436 FURROW ST
892021A,1348838640000,,,Vacant,9,Carrollton Ridge,438 FURROW ST
1361723A,1480507680000,,,Vacant,11,Sharp-Leadenhall,127 W CROSS ST
1596025A,1524910200000,,,Vacant,10,Washington Village/Pigtown,769 W CROSS ST
2606133A,1770119520000,,,Vacant,9,Mount Clare,408 S GILMOR ST
2321335A,1699960440000,,,Vacant,9,Mount Clare,414 S GILMOR ST
2530331A,1751289720000,,,Vacant,9,Mount Clare,418 S GILMOR ST
2595912A,1765376880000,,,Vacant,9,Mount Clare,420 S GILMOR ST
2589672A,1763541780000,,,Vacant,9,Mount Clare,436 S GILMOR ST
1687900A,1531184520000,,,Vacant,9,Mount Clare,1643 WILKENS AVE
2590088A,1763475720000,,,Vacant,9,Mount Clare,1621 RAMSAY ST
2615368A,1772707200000,,,Vacant,9,Mount Clare,1603 RAMSAY ST
2221622A,1679566920000,,,Vacant,9,Mount Clare,401 S VINCENT ST
2464172A,1734939000000,,,Vacant,9,Mount Clare,407 S VINCENT ST
615305A,1282738680000,,,Vacant,9,Mount Clare,423 S VINCENT ST
2463659A,1733996280000,,,Vacant,9,Mount Clare,425 S VINCENT ST
2635130A,1776350940000,,,Vacant,9,Mount Clare,1505 RAMSAY ST
2484115A,1741561560000,,,Vacant,9,Mount Clare,1519 RAMSAY ST
2452408A,1730185080000,,,Vacant,9,Mount Clare,1533 RAMSAY ST
2452449A,1730185080000,,,Vacant,9,Mount Clare,1535 RAMSAY ST
2586989A,1762516620000,,,Vacant,9,Mount Clare,1537 RAMSAY ST
2606023A,1768984080000,,,Vacant,9,Mount Clare,1539 RAMSAY ST
2529561A,1751239920000,,,Vacant,9,Mount Clare,413 S GILMOR ST
2031225A,1629798060000,,,Vacant,12,Washington Hill,1430 E FAIRMOUNT AVE
2628654A,1774957740000,,,Vacant,12,Washington Hill,1630 E BALTIMORE ST
2443823A,1727866680000,,,Vacant,12,Washington Hill,4 N BROADWAY 
2589502A,1763045760000,,,Vacant,11,Downtown,421 E BALTIMORE ST
1748138A,1544088060000,,,Vacant,12,Little Italy,1000 EASTERN AVE
2229262A,1681308000000,,,Vacant,12,Little Italy,319 S CENTRAL AVE
2569961A,1758595740000,,,Vacant,12,Fells Point,314 S BROADWAY 
519863A,1261130040000,,,Vacant,12,Oliver,1220 E FEDERAL ST
231874A,1186574100000,,,Vacant,12,Oliver,1226 E FEDERAL ST
2466193A,1734430560000,,,Vacant,12,Oliver,1601 AISQUITH ST
2404841A,1720182900000,,,Vacant,12,Oliver,1611 AISQUITH ST
1433443A,1471433340000,,,Vacant,12,Broadway East,1800 N WASHINGTON ST
2074300A,1642690740000,,,Vacant,12,Broadway East,1810 N WASHINGTON ST
2346874A,1707818340000,,,Vacant,12,Broadway East,1832 N WASHINGTON ST
1786245A,1556984880000,,,Vacant,12,Broadway East,1834 N WASHINGTON ST
1986819A,1618836780000,,,Vacant,12,Broadway East,1836 N WASHINGTON ST
2317970A,1698922260000,,,Vacant,12,Broadway East,1931 E NORTH AVE
762813A,1316703300000,,,Vacant,12,Broadway East,1929 E NORTH AVE
1976604A,1615470240000,,,Vacant,12,Broadway East,1927 E NORTH AVE
727987A,1309190640000,,,Vacant,12,Broadway East,1925 E NORTH AVE
188001A,1174663800000,,,Vacant,12,Broadway East,1919 E NORTH AVE
1981316A,1616808240000,,,Vacant,12,Broadway East,1917 E NORTH AVE
215856A,1183130460000,,,Vacant,12,Broadway East,1915 E NORTH AVE
215797A,1182939840000,,,Vacant,12,Broadway East,1913 E NORTH AVE
215804A,1182874500000,,,Vacant,12,Broadway East,1911 E NORTH AVE
1200659A,1423653360000,,,Vacant,12,Broadway East,1907 E NORTH AVE
2317953A,1698920580000,,,Vacant,12,Broadway East,1825 N WOLFE ST
451745A,1247128020000,,,Vacant,12,Broadway East,1817 N WOLFE ST
2211802A,1677826680000,,,Vacant,12,Broadway East,1809 N WOLFE ST
2317961A,1698929760000,,,Vacant,12,Broadway East,1800 N CHAPEL ST
1991092A,1620063480000,,,Vacant,12,Broadway East,1802 N CHAPEL ST
340485A,1216749180000,,,Vacant,12,Broadway East,1804 N CHAPEL ST
2317960A,1698929940000,,,Vacant,12,Broadway East,1806 N CHAPEL ST
2232648A,1681981680000,,,Vacant,12,Broadway East,1820 N CHAPEL ST
2597247A,1765882860000,,,Vacant,12,Broadway East,1824 N CHAPEL ST
2317955A,1698929940000,,,Vacant,12,Broadway East,1826 N CHAPEL ST
2458520A,1732012620000,,,Vacant,12,Greenmount West,400 PITMAN PL
1869268A,1577713080000,,,Vacant,12,Greenmount West,408 PITMAN PL
2000855A,1622208840000,,,Vacant,12,Oliver,1213 E LANVALE ST
2547085A,1755691860000,,,Vacant,12,Greenmount West,456 PITMAN PL
2270435A,1689194040000,,,Vacant,12,Oliver,1227 E LANVALE ST
1625644A,1514473440000,,,Vacant,12,Oliver,1229 E LANVALE ST
194899A,1178107260000,,,Vacant,12,Oliver,1210 E FEDERAL ST
232137A,1186574400000,,,Vacant,12,Oliver,1212 E FEDERAL ST
900128A,1353425460000,,,Vacant,12,Broadway East,1828 N CHAPEL ST
1991179A,1620063240000,,,Vacant,12,Broadway East,1830 N CHAPEL ST
542149A,1267633140000,,,Vacant,12,Broadway East,1832 N CHAPEL ST
2346665A,1707904260000,,,Vacant,12,Broadway East,1834 N CHAPEL ST
305516A,1207762500000,,,Vacant,12,Broadway East,1840 N CHAPEL ST
1200552A,1423650360000,,,Vacant,12,Broadway East,1809 N CHAPEL ST
2526950A,1751369940000,,,Vacant,12,Broadway East,1811 N CHAPEL ST
1127435A,1407344880000,,,Vacant,12,Broadway East,1817 N CHAPEL ST
1128538A,1407508680000,,,Vacant,12,Broadway East,1819 N CHAPEL ST
2416060A,1722362640000,,,Vacant,12,Broadway East,1821 N CHAPEL ST
2534389A,1753353660000,,,Vacant,12,Broadway East,1827 N CHAPEL ST
1199849A,1423230420000,,,Vacant,12,Broadway East,1829 N CHAPEL ST
512163A,1258128900000,,,Vacant,12,Broadway East,1831 N CHAPEL ST
788435A,1323446760000,,,Vacant,12,Broadway East,1835 N CHAPEL ST
1437532A,1472232540000,,,Vacant,12,Broadway East,1839 N CHAPEL ST
276600A,1197362640000,,,Vacant,12,Broadway East,1841 N CHAPEL ST
221008A,1184082960000,,,Vacant,12,Broadway East,2008 E LAFAYETTE AVE
2469019A,1736155980000,,,Vacant,12,Broadway East,2010 E LAFAYETTE AVE
2371538A,1714478100000,,,Vacant,12,Broadway East,2012 E LAFAYETTE AVE
2311832A,1697399400000,,,Vacant,12,Broadway East,2014 E LAFAYETTE AVE
1037918A,1388766840000,,,Vacant,12,Broadway East,2016 E LAFAYETTE AVE
2211674A,1677828060000,,,Vacant,12,Broadway East,2022 E LAFAYETTE AVE
1293230A,1441894980000,,,Vacant,12,Broadway East,2028 E LAFAYETTE AVE
2509682A,1748439900000,,,Vacant,13,Middle East,1000 N PATTERSON PARK AVE
2331968A,1703241720000,,,Vacant,13,Middle East,2204 PRENTISS PL
2064273A,1642674480000,,,Vacant,13,Middle East,2212 PRENTISS PL
2096174A,1649838540000,,,Vacant,13,Middle East,2226 PRENTISS PL
2619651A,1773267720000,,,Vacant,13,Middle East,2232 PRENTISS PL
2477408A,1740739140000,,,Vacant,13,Middle East,2225 PRENTISS PL
2185507A,1668851160000,,,Vacant,13,Middle East,2227 PRENTISS PL
264241A,1207753380000,,,Vacant,13,Middle East,2239 PRENTISS PL
2509257A,1748439720000,,,Vacant,13,Milton-Montford,725 N PORT ST
2450532A,1730891040000,,,Vacant,13,Milton-Montford,707 N PORT ST
2324932A,1701255240000,,,Vacant,10,Washington Village/Pigtown,828 WOODWARD ST
2198870A,1674211920000,,,Vacant,10,Washington Village/Pigtown,752 W HAMBURG ST
2345750A,1707379680000,,,Vacant,10,Washington Village/Pigtown,774 W HAMBURG ST
2209245A,1681313940000,,,Vacant,9,Carroll-South Hilton,159 S HILTON ST
2005645A,1623678840000,,,Vacant,13,Middle East,2212 E MADISON ST
2473055A,1737469080000,,,Vacant,10,Washington Village/Pigtown,613 ARCHER ST
2464661A,1734285960000,,,Vacant,10,Washington Village/Pigtown,1000 W CROSS ST
1554514A,1499600220000,,,Vacant,13,Biddle Street,2820 E CHASE ST
1761982A,1549634340000,,,Vacant,13,Biddle Street,2833 E BIDDLE ST
2233527A,1682098020000,,,Vacant,13,Biddle Street,1041 N KENWOOD AVE
2203994A,1675419480000,,,Vacant,13,Broadway East,1822 N MONTFORD AVE
763936A,1316679240000,,,Vacant,13,Broadway East,1820 N MONTFORD AVE
71308A,1121181360000,,,Vacant,13,Broadway East,1812 N MONTFORD AVE
646563A,1291890480000,,,Vacant,13,Broadway East,1810 N MONTFORD AVE
372305A,1224776520000,,,Vacant,13,Broadway East,1808 N MONTFORD AVE
1199373A,1423155660000,,,Vacant,13,Broadway East,1804 N MONTFORD AVE
515222A,1259069520000,,,Vacant,13,Broadway East,1800 N MONTFORD AVE
763742A,1317052920000,,,Vacant,13,Broadway East,2312 E LAFAYETTE AVE
2597970A,1765821960000,,,Vacant,13,Broadway East,2310 E LAFAYETTE AVE
221401A,1184150160000,,,Vacant,13,Broadway East,2308 E LAFAYETTE AVE
1223661A,1431015780000,,,Vacant,13,Broadway East,2302 E LAFAYETTE AVE
2325043A,1700828460000,,,Vacant,13,Broadway East,2400 E LAFAYETTE AVE
2601890A,1767630000000,,,Vacant,12,Broadway East,1502 N WASHINGTON ST
2515040A,1760659860000,,,Vacant,12,Broadway East,1914 E OLIVER ST
2319797A,1699286340000,,,Vacant,12,Broadway East,1912 E OLIVER ST
1067700A,1396015500000,,,Vacant,12,Broadway East,1510 N CHAPEL ST
1284725A,1440370500000,,,Vacant,12,Broadway East,1512 N CHAPEL ST
994433A,1374566220000,,,Vacant,12,Broadway East,1518 N CHAPEL ST
1011476A,1378391100000,,,Vacant,12,Broadway East,1520 N CHAPEL ST
514011A,1259153880000,,,Vacant,12,Broadway East,1522 N CHAPEL ST
1081578A,1399045980000,,,Vacant,12,Broadway East,1524 N CHAPEL ST
2627013A,1773935580000,,,Vacant,9,Penrose/Fayette Street Outreach,9 N WHEELER AVE
1480838A,1483460220000,,,Vacant,12,Broadway East,2002 E OLIVER ST
2588025A,1764942120000,,,Vacant,9,Penrose/Fayette Street Outreach,25 N WHEELER AVE
2584775A,1763419020000,,,Vacant,13,Milton-Montford,737 N MILTON AVE
640555A,1288621260000,,,Vacant,9,Shipley Hill,2518 HOLLINS ST
2261145A,1687776180000,,,Vacant,9,Shipley Hill,2516 HOLLINS ST
2615088A,1770970680000,,,Vacant,9,Shipley Hill,2514 HOLLINS ST
2473243A,1744640160000,,,Vacant,9,Shipley Hill,2512 HOLLINS ST
329883A,1214902440000,,,Vacant,9,Shipley Hill,2508 HOLLINS ST
2346422A,1707384420000,,,Vacant,9,Shipley Hill,2504 HOLLINS ST
2401001A,1718967600000,,,Vacant,9,Shipley Hill,2502 HOLLINS ST
2584771A,1765289100000,,,Vacant,13,Milton-Montford,718 N LUZERNE AVE
2145997A,1660642020000,,,Vacant,13,Milton-Montford,706 N LUZERNE AVE
852411A,1340014500000,,,Vacant,9,Shipley Hill,2547 W BALTIMORE ST
639456A,1288110420000,,,Vacant,9,Shipley Hill,2559 W BALTIMORE ST
1891790A,1585664220000,,,Vacant,13,Milton-Montford,716 N ROSE ST
2025909A,1627895760000,,,Vacant,9,Shipley Hill,2563 W BALTIMORE ST
2328839A,1702629540000,,,Vacant,9,Shipley Hill,2565 W BALTIMORE ST
2618111A,1772187960000,,,Vacant,9,Shipley Hill,2569 W BALTIMORE ST
2468857A,1736099760000,,,Vacant,13,Milton-Montford,718 N ROSE ST
424048A,1239982500000,,,Vacant,13,Milton-Montford,724 N ROSE ST
1332058A,1450175100000,,,Vacant,13,Milton-Montford,719 N ROSE ST
1513575A,1490371620000,,,Vacant,13,Milton-Montford,705 N ROSE ST
1956715A,1607495940000,,,Vacant,13,Milton-Montford,703 N ROSE ST
2097623A,1650462840000,,,Vacant,9,Shipley Hill,2573 W BALTIMORE ST
1332059A,1450178940000,,,Vacant,13,Milton-Montford,701 N ROSE ST
1729500A,1538337240000,,,Vacant,9,Shipley Hill,2581 W BALTIMORE ST
2608002A,1769421600000,,,Vacant,9,Shipley Hill,2583 W BALTIMORE ST
1915076A,1610342820000,,,Vacant,9,Shipley Hill,2585 W BALTIMORE ST
2247748A,1685615640000,,,Vacant,13,Madison-Eastend,2617 E MADISON ST
2625082A,1774614060000,,,Vacant,13,Madison-Eastend,2619 E MADISON ST
300337A,1205939280000,,,Vacant,13,Madison-Eastend,2629 E MADISON ST
2211356A,1677688080000,,,Vacant,13,Madison-Eastend,2641 E MADISON ST
1262048A,1478265180000,,,Vacant,10,Washington Village/Pigtown,811 WOODWARD ST
1759703A,1549560240000,,,Vacant,10,Washington Village/Pigtown,850 MANGOLD ST
1869759A,1577963280000,,,Vacant,10,Washington Village/Pigtown,713 CARROLL ST
2207054A,1676420340000,,,Vacant,12,Oliver,1807 HOPE ST
262741A,1194525960000,,,Vacant,12,Oliver,1803 HOPE ST
200071A,1179761160000,,,Vacant,12,Oliver,1810 AIKEN ST
351179A,1219055940000,,,Vacant,12,Oliver,1812 AIKEN ST
649659A,1292312520000,,,Vacant,12,Oliver,1814 AIKEN ST
226170A,1185278040000,,,Vacant,12,Oliver,1811 AIKEN ST
200075A,1179760320000,,,Vacant,12,Oliver,1809 AIKEN ST
163433A,1161869400000,,,Vacant,12,Oliver,1807 AIKEN ST
2186852A,1669806900000,,,Vacant,12,Oliver,1824 N CAROLINE ST
1955799A,1606970640000,,,Vacant,12,Oliver,1808 N CAROLINE ST
2623914A,1773325380000,,,Vacant,12,Oliver,1806 N CAROLINE ST
233727A,1187286600000,,,Vacant,12,Oliver,1408 E LAFAYETTE AVE
1946637A,1603502820000,,,Vacant,12,Oliver,1505 E NORTH AVE
2000844A,1622208420000,,,Vacant,12,Oliver,1507 E NORTH AVE
2336868A,1704746040000,,,Vacant,12,Oliver,1519 E NORTH AVE
2462728A,1733682000000,,,Vacant,12,Oliver,1521 E NORTH AVE
2247065A,1684846800000,,,Vacant,12,Oliver,1523 E NORTH AVE
2081164A,1645216500000,,,Vacant,12,Oliver,1525 E NORTH AVE
2128218A,1704293940000,,,Vacant,9,Millhill,2673 EAGLE ST
2128340A,1704294000000,,,Vacant,9,Millhill,2675 EAGLE ST
2382406A,1715872440000,,,Vacant,9,Millhill,2679 EAGLE ST
2328079A,1702189980000,,,Vacant,9,Millhill,2681 EAGLE ST
2382150A,1715870340000,,,Vacant,9,Millhill,2687 EAGLE ST
2194617A,1673057280000,,,Vacant,12,Gay Street,1614 E CHASE ST
2623920A,1774016820000,,,Vacant,12,Gay Street,1612 E CHASE ST
1977003A,1620685740000,,,Vacant,12,Gay Street,1127 N BOND ST
2612455A,1770644100000,,,Vacant,13,Berea,1304 N LINWOOD AVE
2469874A,1738685280000,,,Vacant,13,Biddle Street,2414 E CHASE ST
2408151A,1722183180000,,,Vacant,13,Biddle Street,2418 E CHASE ST
2151483A,1661161680000,,,Vacant,13,Biddle Street,2422 E CHASE ST
2605108A,1768297320000,,,Vacant,9,Midtown-Edmondson,1118 N MONROE ST
2336804A,1704964680000,,,Vacant,9,Midtown-Edmondson,1120 N MONROE ST
2630953A,1775053080000,,,Vacant,9,Midtown-Edmondson,1122 N MONROE ST
815097A,1331054520000,,,Vacant,9,Midtown-Edmondson,1128 N MONROE ST
159243A,1158343020000,,,Vacant,9,Midtown-Edmondson,1130 N MONROE ST
554922A,1272040980000,,,Vacant,9,Midtown-Edmondson,1136 N MONROE ST
2530277A,1750943280000,,,Vacant,9,Midtown-Edmondson,1138 N MONROE ST
2228678A,1681226400000,,,Vacant,9,Harlem Park,1005 W LAFAYETTE AVE
1889146A,1586877180000,,,Vacant,9,Harlem Park,1009 W LAFAYETTE AVE
2084069A,1703251740000,,,Vacant,9,Midtown-Edmondson,2007 HARLEM AVE
402141A,1232001840000,,,Vacant,9,Midtown-Edmondson,2005 HARLEM AVE
2228674A,1681226340000,,,Vacant,9,Midtown-Edmondson,2003 HARLEM AVE
477022A,1251132420000,,,Vacant,9,Harlem Park,1011 W LAFAYETTE AVE
1137846A,1409659920000,,,Vacant,9,Harlem Park,1024 W LANVALE ST
2630035A,1774885620000,,,Vacant,9,Harlem Park,1014 W LANVALE ST
86200A,1126621860000,,,Vacant,9,Harlem Park,1010 W LANVALE ST
740642A,1312475400000,,,Vacant,9,Harlem Park,1006 W LANVALE ST
2364984A,1712747400000,,,Vacant,9,Harlem Park,1002 W LANVALE ST
118210A,1138813080000,,,Vacant,9,Midtown-Edmondson,2042 HARLEM AVE
182448A,1170340740000,,,Vacant,9,Midtown-Edmondson,2046 HARLEM AVE
498095A,1254747720000,,,Vacant,9,Midtown-Edmondson,2031 RAYNER AVE
911645A,1355497020000,,,Vacant,9,Midtown-Edmondson,2029 RAYNER AVE
1765903A,1551871320000,,,Vacant,9,Midtown-Edmondson,2027 RAYNER AVE
442290A,1244122560000,,,Vacant,9,Midtown-Edmondson,2025 RAYNER AVE
117516A,1138711440000,,,Vacant,9,Midtown-Edmondson,2023 RAYNER AVE
1411413A,1471337640000,,,Vacant,9,Midtown-Edmondson,2013 RAYNER AVE
961772A,1366987080000,,,Vacant,9,Midtown-Edmondson,2011 RAYNER AVE
170808A,1166441940000,,,Vacant,9,Midtown-Edmondson,2009 RAYNER AVE
397155A,1240934760000,,,Vacant,9,Midtown-Edmondson,2002 RAYNER AVE
557976A,1271441940000,,,Vacant,9,Midtown-Edmondson,2004 RAYNER AVE
1197826A,1423069560000,,,Vacant,9,Midtown-Edmondson,2012 RAYNER AVE
324423A,1212869580000,,,Vacant,9,Midtown-Edmondson,2014 RAYNER AVE
2515007A,1749639180000,,,Vacant,7,Sandtown-Winchester,1628 N GILMOR ST
1614947A,1512570540000,,,Vacant,7,Sandtown-Winchester,1638 N GILMOR ST
1515044A,1490805000000,,,Vacant,7,Sandtown-Winchester,1654 N GILMOR ST
2472420A,1738162860000,,,Vacant,9,Midtown-Edmondson,1009 APPLETON ST
329948A,1214525820000,,,Vacant,9,Midtown-Edmondson,1013 APPLETON ST
2476890A,1738771140000,,,Vacant,9,Midtown-Edmondson,1917 RIGGS AVE
2630466A,1775210940000,,,Vacant,9,Sandtown-Winchester,1107 N CAREY ST
1999368A,1622133120000,,,Vacant,9,Sandtown-Winchester,1111 N CAREY ST
377090A,1226994780000,,,Vacant,9,Midtown-Edmondson,1906 MOSHER ST
2054615A,1635718980000,,,Vacant,9,Midtown-Edmondson,1908 MOSHER ST
2618079A,1771945740000,,,Vacant,9,Sandtown-Winchester,1113 N CAREY ST
2599399A,1766477820000,,,Vacant,9,Sandtown-Winchester,1117 N CAREY ST
124983A,1142930460000,,,Vacant,9,Sandtown-Winchester,1119 N CAREY ST
2331803A,1703617500000,,,Vacant,9,Sandtown-Winchester,1125 N CAREY ST
2608893A,1769431020000,,,Vacant,9,Sandtown-Winchester,1127 N CAREY ST
328899A,1213559160000,,,Vacant,9,Sandtown-Winchester,1131 N CAREY ST
2343137A,1706293920000,,,Vacant,9,Sandtown-Winchester,1137 N CAREY ST
887151A,1347530400000,,,Vacant,9,Sandtown-Winchester,1139 N CAREY ST
2513091A,1747924740000,,,Vacant,12,Mid-Town Belvedere,1028 N CALVERT ST
2513090A,1747924800000,,,Vacant,12,Mid-Town Belvedere,1030 N CALVERT ST
2600279A,1766508720000,,,Vacant,7,Sandtown-Winchester,1504 BAKER ST
1188143A,1420648020000,,,Vacant,7,Sandtown-Winchester,1514 BAKER ST
1762335A,1549804740000,,,Vacant,7,Sandtown-Winchester,1516 BAKER ST
1036613A,1385560020000,,,Vacant,7,Sandtown-Winchester,1528 BAKER ST
1994011A,1620984000000,,,Vacant,7,Easterwood,1541 N PULASKI ST
997634A,1374050160000,,,Vacant,7,Easterwood,1520 N PAYSON ST
2037454A,1631447400000,,,Vacant,7,Easterwood,1542 N PAYSON ST
2487732A,1742556300000,,,Vacant,7,Easterwood,2000 PRESSTMAN ST
2592142A,1765206780000,,,Vacant,7,Easterwood,1503 N PAYSON ST
1788805A,1557491820000,,,Vacant,7,Easterwood,1505 N PAYSON ST
694960A,1303230360000,,,Vacant,7,Easterwood,1509 N PAYSON ST
1637504A,1517996460000,,,Vacant,7,Easterwood,1513 N PAYSON ST
1608306A,1510355280000,,,Vacant,7,Easterwood,1541 N PAYSON ST
2218807A,1679323620000,,,Vacant,7,Easterwood,1543 N PAYSON ST
2414136A,1721818440000,,,Vacant,7,Easterwood,1502 APPLETON ST
2360291A,1711484820000,,,Vacant,7,Easterwood,1505 APPLETON ST
2610195A,1770044100000,,,Vacant,7,Easterwood,1507 APPLETON ST
1373550A,1460385360000,,,Vacant,7,Easterwood,1516 N MONROE ST
1200355A,1423673580000,,,Vacant,7,Easterwood,1518 N MONROE ST
1278754A,1439402700000,,,Vacant,7,Easterwood,1522 N MONROE ST
2167967A,1663945920000,,,Vacant,7,Druid Heights,507 SANFORD PL
2178347A,1666715220000,,,Vacant,7,Druid Heights,505 SANFORD PL
2404807A,1720023120000,,,Vacant,7,Druid Heights,1317 W NORTH AVE
2612371A,1771501860000,,,Vacant,7,Druid Heights,1321 W NORTH AVE
641757A,1289222460000,,,Vacant,7,Druid Heights,1323 W NORTH AVE
1639199A,1518378660000,,,Vacant,7,Druid Heights,1325 W NORTH AVE
564577A,1272897660000,,,Vacant,7,Druid Heights,1339 W NORTH AVE
379172A,1227273660000,,,Vacant,7,Druid Heights,1351 W NORTH AVE
1461611A,1478014500000,,,Vacant,7,Druid Heights,1353 W NORTH AVE
566897A,1273230060000,,,Vacant,7,Druid Heights,1355 W NORTH AVE
263604A,1194620100000,,,Vacant,7,Druid Heights,1357 W NORTH AVE
2194754A,1672757040000,,,Vacant,7,Druid Heights,1359 W NORTH AVE
659706A,1294243980000,,,Vacant,7,Sandtown-Winchester,1720 PRESSTMAN ST
1642733A,1519306680000,,,Vacant,7,Sandtown-Winchester,1718 PRESSTMAN ST
2470219A,1736420940000,,,Vacant,7,Sandtown-Winchester,1714 PRESSTMAN ST
2337228A,1704816600000,,,Vacant,7,Sandtown-Winchester,1712 PRESSTMAN ST
2630237A,1774865460000,,,Vacant,7,Sandtown-Winchester,1516 N GILMOR ST
2440094A,1727080440000,,,Vacant,7,Sandtown-Winchester,1518 N GILMOR ST
1234633A,1433353380000,,,Vacant,9,Midtown-Edmondson,1116 N MONROE ST
2615248A,1771275000000,,,Vacant,9,Midtown-Edmondson,1124 N MONROE ST
471180A,1250188320000,,,Vacant,9,Midtown-Edmondson,1115 APPLETON ST
1310487A,1446215220000,,,Vacant,7,Sandtown-Winchester,1521 N GILMOR ST
1610887A,1516793340000,,,Vacant,9,Midtown-Edmondson,1930 RIGGS AVE
2597135A,1765545480000,,,Vacant,9,Midtown-Edmondson,1943 MOSHER ST
2586880A,1762358220000,,,Vacant,9,Midtown-Edmondson,1911 MOSHER ST
1765904A,1551014520000,,,Vacant,9,Sandtown-Winchester,1300 MOSHER ST
1734341A,1539515580000,,,Vacant,9,Sandtown-Winchester,1302 MOSHER ST
34719A,1102464000000,,,Vacant,9,Sandtown-Winchester,1304 MOSHER ST
900966A,1351761960000,,,Vacant,9,Sandtown-Winchester,1306 MOSHER ST
909708A,1354786080000,,,Vacant,9,Sandtown-Winchester,1308 MOSHER ST
1655466A,1523360160000,,,Vacant,9,Sandtown-Winchester,1310 MOSHER ST
34726A,1102464000000,,,Vacant,9,Sandtown-Winchester,1312 MOSHER ST
2344260A,1707142740000,,,Vacant,9,Midtown-Edmondson,916 N MONROE ST
1412468A,1467717960000,,,Vacant,7,Sandtown-Winchester,1411 PRESSTMAN ST
1412250A,1467373860000,,,Vacant,7,Sandtown-Winchester,1409 PRESSTMAN ST
2625687A,1773680160000,,,Vacant,7,Sandtown-Winchester,1407 PRESSTMAN ST
2629158A,1774558560000,,,Vacant,7,Sandtown-Winchester,1405 PRESSTMAN ST
928396A,1359965640000,,,Vacant,9,Sandtown-Winchester,1808 MOSHER ST
162367A,1160061720000,,,Vacant,9,Sandtown-Winchester,1806 MOSHER ST
282153A,1199793540000,,,Vacant,7,Easterwood,1730 APPLETON ST
1363458A,1457699160000,,,Vacant,7,Easterwood,1734 APPLETON ST
2511166A,1749337800000,,,Vacant,7,Easterwood,1738 APPLETON ST
1290220A,1441376400000,,,Vacant,7,Easterwood,1731 N PAYSON ST
1587435A,1506354840000,,,Vacant,7,Easterwood,1729 N PAYSON ST
1595458A,1508753880000,,,Vacant,7,Easterwood,1719 N PAYSON ST
830732A,1335958920000,,,Vacant,7,Easterwood,1709 N PAYSON ST
557289A,1272545220000,,,Vacant,7,Easterwood,1707 N PAYSON ST
2611448A,1770385680000,,,Vacant,7,Sandtown-Winchester,1700 N FULTON AVE
2378149A,1715178480000,,,Vacant,7,Sandtown-Winchester,1702 N FULTON AVE
2611449A,1770385740000,,,Vacant,7,Sandtown-Winchester,1704 N FULTON AVE
846859A,1338828300000,,,Vacant,7,Sandtown-Winchester,1701 MCKEAN AVE
211822A,1203605280000,,,Vacant,7,Sandtown-Winchester,1703 MCKEAN AVE
470900A,1250102040000,,,Vacant,7,Sandtown-Winchester,1707 MCKEAN AVE
270413A,1199456880000,,,Vacant,7,Sandtown-Winchester,1708 N FULTON AVE
302605A,1207767840000,,,Vacant,7,Sandtown-Winchester,1710 N FULTON AVE
2352401A,1709306640000,,,Vacant,7,Sandtown-Winchester,1716 N FULTON AVE
2224862A,1680536940000,,,Vacant,7,Sandtown-Winchester,1718 N FULTON AVE
2350741A,1708803840000,,,Vacant,7,Sandtown-Winchester,1726 N FULTON AVE
1614552A,1512320880000,,,Vacant,7,Sandtown-Winchester,1728 N FULTON AVE
2470557A,1750885620000,,,Vacant,7,Sandtown-Winchester,1732 N FULTON AVE
2350740A,1708804260000,,,Vacant,7,Sandtown-Winchester,1734 N FULTON AVE
232203A,1203604860000,,,Vacant,7,Sandtown-Winchester,1711 MCKEAN AVE
118608A,1139229780000,,,Vacant,7,Sandtown-Winchester,1713 MCKEAN AVE
1638239A,1518001440000,,,Vacant,7,Sandtown-Winchester,1717 MCKEAN AVE
865293A,1342610520000,,,Vacant,7,Sandtown-Winchester,1719 MCKEAN AVE
425517A,1240425780000,,,Vacant,7,Sandtown-Winchester,1725 MCKEAN AVE
448190A,1246282260000,,,Vacant,7,Sandtown-Winchester,1727 MCKEAN AVE
278675A,1205437080000,,,Vacant,7,Sandtown-Winchester,1731 MCKEAN AVE
1868673A,1577456700000,,,Vacant,7,Sandtown-Winchester,1737 MCKEAN AVE
2172195A,1665157260000,,,Vacant,7,Sandtown-Winchester,1741 MCKEAN AVE
2591288A,1763929380000,,,Vacant,7,Sandtown-Winchester,1743 MCKEAN AVE
845941A,1338572400000,,,Vacant,7,Sandtown-Winchester,1700 MCKEAN AVE
2470687A,1736770260000,,,Vacant,7,Sandtown-Winchester,1702 MCKEAN AVE
1651681A,1521988320000,,,Vacant,7,Sandtown-Winchester,1722 MCKEAN AVE
2407220A,1720700160000,,,Vacant,7,Sandtown-Winchester,1724 MCKEAN AVE
253932A,1205437020000,,,Vacant,7,Sandtown-Winchester,1726 MCKEAN AVE
424961A,1240413900000,,,Vacant,7,Sandtown-Winchester,1728 MCKEAN AVE
1617674A,1513774080000,,,Vacant,7,Sandtown-Winchester,1732 MCKEAN AVE
2633183A,1775848920000,,,Vacant,7,Sandtown-Winchester,1740 MCKEAN AVE
1423388A,1469620560000,,,Vacant,7,Sandtown-Winchester,1800 PRESBURY ST
2629160A,1774558800000,,,Vacant,7,Sandtown-Winchester,1802 PRESBURY ST
2514925A,1749638520000,,,Vacant,7,Sandtown-Winchester,1804 PRESBURY ST
1032844A,1383925560000,,,Vacant,7,Sandtown-Winchester,1808 PRESBURY ST
441054A,1244631300000,,,Vacant,7,Sandtown-Winchester,1810 PRESBURY ST
2470715A,1736868300000,,,Vacant,7,Sandtown-Winchester,1701 N MONROE ST
943453A,1363967040000,,,Vacant,7,Sandtown-Winchester,1709 N FULTON AVE
2306708A,1696003260000,,,Vacant,7,Sandtown-Winchester,1711 N FULTON AVE
878258A,1345475220000,,,Vacant,7,Sandtown-Winchester,1713 N FULTON AVE
1506430A,1488212160000,,,Vacant,7,Sandtown-Winchester,1715 N FULTON AVE
1751301A,1545648720000,,,Vacant,7,Sandtown-Winchester,1723 N FULTON AVE
2618297A,1772029800000,,,Vacant,7,Sandtown-Winchester,1735 N FULTON AVE
2041583A,1632325380000,,,Vacant,7,Sandtown-Winchester,1737 N FULTON AVE
1539696A,1496154660000,,,Vacant,7,Easterwood,1601 N PAYSON ST
2407215A,1720700100000,,,Vacant,7,Sandtown-Winchester,1727 WESTWOOD AVE
838129A,1337096640000,,,Vacant,7,Sandtown-Winchester,1725 WESTWOOD AVE
1610555A,1510927200000,,,Vacant,7,Sandtown-Winchester,1520 N FULTON AVE
1962959A,1669451760000,,,Vacant,7,Sandtown-Winchester,1528 N FULTON AVE
1523627A,1493308200000,,,Vacant,7,Sandtown-Winchester,1540 N FULTON AVE
2515004A,1749638640000,,,Vacant,7,Sandtown-Winchester,1542 N FULTON AVE
492090A,1253554320000,,,Vacant,7,Sandtown-Winchester,1550 N FULTON AVE
2343292A,1706293620000,,,Vacant,7,Sandtown-Winchester,1560 N FULTON AVE
2337530A,1704964440000,,,Vacant,7,Sandtown-Winchester,1817 BAKER ST
125502A,1143027120000,,,Vacant,7,Sandtown-Winchester,1819 BAKER ST
2342739A,1706176380000,,,Vacant,7,Sandtown-Winchester,1511 N MONROE ST
713923A,1306490160000,,,Vacant,7,Sandtown-Winchester,1509 N MONROE ST
2181019A,1667596320000,,,Vacant,7,Sandtown-Winchester,1507 N MONROE ST
2255329A,1686318600000,,,Vacant,7,Sandtown-Winchester,1505 N MONROE ST
2581305A,1764771240000,,,Vacant,7,Sandtown-Winchester,1503 N MONROE ST
220698A,1184328180000,,,Vacant,7,Sandtown-Winchester,1836 PRESSTMAN ST
602909A,1297349280000,,,Vacant,7,Sandtown-Winchester,1830 PRESSTMAN ST
1879603A,1581614460000,,,Vacant,7,Sandtown-Winchester,1822 PRESSTMAN ST
2224861A,1680292980000,,,Vacant,7,Sandtown-Winchester,1506 N MOUNT ST
1509110A,1488987660000,,,Vacant,9,Mount Clare,428 S PARRISH ST
1685236A,1529582580000,,,Vacant,9,Mount Clare,430 S PARRISH ST
1649171A,1521042900000,,,Vacant,9,Mount Clare,432 S PARRISH ST
919290A,1358508060000,,,Vacant,9,Mount Clare,434 S PARRISH ST
803353A,1327073160000,,,Vacant,9,Mount Clare,436 S PARRISH ST
1649145A,1521213360000,,,Vacant,9,Mount Clare,435 S PARRISH ST
1515908A,1491164520000,,,Vacant,9,Mount Clare,417 S PARRISH ST
1452929A,1475832420000,,,Vacant,9,Mount Clare,415 S PARRISH ST
2598710A,1766139900000,,,Vacant,9,Mount Clare,409 S PARRISH ST
1372039A,1460021400000,,,Vacant,9,Mount Clare,407 S PARRISH ST
2094557A,1649326320000,,,Vacant,9,Mount Clare,1401 RAMSAY ST
1417906A,1468593420000,,,Vacant,9,Mount Clare,1407 RAMSAY ST
2608115A,1770113280000,,,Vacant,9,Mount Clare,1411 RAMSAY ST
2465818A,1734947940000,,,Vacant,9,Mount Clare,407 S NORRIS ST
2380440A,1727442900000,,,Vacant,9,Mount Clare,409 S NORRIS ST
2423903A,1723993680000,,,Vacant,9,Mount Clare,1339 RAMSAY ST
2026879A,1627987980000,,,Vacant,12,Oliver,1527 E NORTH AVE
1842633A,1568577540000,,,Vacant,12,Oliver,1836 N BOND ST
2467893A,1735301880000,,,Vacant,12,Oliver,1824 N BOND ST
2558667A,1756301880000,,,Vacant,12,Oliver,1822 N BOND ST
2458869A,1732176300000,,,Vacant,12,Oliver,1808 N BOND ST
2415122A,1722188820000,,,Vacant,12,Oliver,1806 N BOND ST
1968407A,1612801320000,,,Vacant,12,Oliver,1804 N BOND ST
1647625A,1520676180000,,,Vacant,12,Oliver,1800 N BOND ST
2491344A,1743449280000,,,Vacant,12,Oliver,1802 N DALLAS ST
706834A,1304953860000,,,Vacant,12,Oliver,1804 N DALLAS ST
2593723A,1764591960000,,,Vacant,12,Oliver,1808 N DALLAS ST
544274A,1268150820000,,,Vacant,12,Oliver,1810 N DALLAS ST
2593088A,1764336840000,,,Vacant,12,Oliver,1812 N DALLAS ST
631714A,1285774260000,,,Vacant,12,Oliver,1814 N DALLAS ST
1236968A,1432299960000,,,Vacant,12,Oliver,1818 N DALLAS ST
2592356A,1763992860000,,,Vacant,12,Oliver,1820 N DALLAS ST
2333360A,1703587380000,,,Vacant,12,Oliver,1824 N DALLAS ST
721142A,1307693700000,,,Vacant,12,Oliver,1832 N DALLAS ST
2612459A,1770643980000,,,Vacant,12,Oliver,1834 N DALLAS ST
2188151A,1670932320000,,,Vacant,12,Oliver,1807 N DALLAS ST
2584767A,1765378980000,,,Vacant,12,Oliver,1809 N DALLAS ST
2508344A,1747132500000,,,Vacant,12,Oliver,1811 N DALLAS ST
2584728A,1761844380000,,,Vacant,12,Oliver,1813 N DALLAS ST
2584768A,1765376340000,,,Vacant,12,Oliver,1815 N DALLAS ST
2099843A,1650622080000,,,Vacant,12,Oliver,1823 N DALLAS ST
2584730A,1761844440000,,,Vacant,12,Oliver,1825 N DALLAS ST
152418A,1155816900000,,,Vacant,12,Oliver,1827 N DALLAS ST
2211227A,1677676020000,,,Vacant,12,Oliver,1831 N BOND ST
2316358A,1698397680000,,,Vacant,12,Oliver,1829 N BOND ST
1919418A,1596100980000,,,Vacant,12,Oliver,1827 N BOND ST
1555511A,1499036160000,,,Vacant,12,Oliver,1815 N BOND ST
1947968A,1603382820000,,,Vacant,7,Sandtown-Winchester,1408 PRESSTMAN ST
2629159A,1774558740000,,,Vacant,7,Sandtown-Winchester,1440 PRESSTMAN ST
2256621A,1686736020000,,,Vacant,7,Sandtown-Winchester,1515 N STRICKER ST
2585854A,1762096680000,,,Vacant,7,Sandtown-Winchester,1633 N CALHOUN ST
2023115A,1627179180000,,,Vacant,7,Sandtown-Winchester,725 BAKER ST
2341387A,1706020380000,,,Vacant,7,Druid Heights,1829 DRUID HILL AVE
1392783A,1463997900000,,,Vacant,9,Sandtown-Winchester,1003 N MONROE ST
2225473A,1680536940000,,,Vacant,9,Sandtown-Winchester,1822 MOSHER ST
345254A,1224183720000,,,Vacant,9,Sandtown-Winchester,1820 MOSHER ST
2631854A,1775851020000,,,Vacant,9,Harlem Park,707 N CARROLLTON AVE
2624225A,1773241140000,,,Vacant,9,Harlem Park,705 N CARROLLTON AVE
560224A,1272045300000,,,Vacant,9,Midtown-Edmondson,608 N PULASKI ST
2228690A,1681225860000,,,Vacant,9,Harlem Park,1116 HARLEM AVE
785493A,1322575020000,,,Vacant,9,Harlem Park,1108 HARLEM AVE
2584981A,1762273380000,,,Vacant,9,Harlem Park,1104 HARLEM AVE
1976573A,1615551840000,,,Vacant,9,Harlem Park,1102 HARLEM AVE
2605110A,1769181480000,,,Vacant,9,Harlem Park,704 N ARLINGTON AVE
2623690A,1773245340000,,,Vacant,9,Harlem Park,706 N ARLINGTON AVE
2351462A,1708974720000,,,Vacant,9,Harlem Park,712 N ARLINGTON AVE
2105184A,1652272260000,,,Vacant,9,Harlem Park,718 N ARLINGTON AVE
2584373A,1761840840000,,,Vacant,9,Harlem Park,1019 W LANVALE ST
2624950A,1773938220000,,,Vacant,9,Harlem Park,1035 W LANVALE ST
2348654A,1708425600000,,,Vacant,9,Harlem Park,1037 W LANVALE ST
2584379A,1761854400000,,,Vacant,9,Harlem Park,1039 W LANVALE ST
2584382A,1761855000000,,,Vacant,9,Harlem Park,1041 W LANVALE ST
2512724A,1760970600000,,,Vacant,9,Harlem Park,1043 W LANVALE ST
2594184A,1764773640000,,,Vacant,9,Harlem Park,1045 W LANVALE ST
123951A,1142001180000,,,Vacant,9,Midtown-Edmondson,624 N PULASKI ST
190102A,1176222660000,,,Vacant,7,Sandtown-Winchester,1820 N FULTON AVE
490652A,1253203860000,,,Vacant,7,Sandtown-Winchester,1822 N FULTON AVE
825194A,1335284400000,,,Vacant,7,Sandtown-Winchester,1826 N FULTON AVE
751047A,1313680860000,,,Vacant,7,Sandtown-Winchester,1809 W NORTH AVE
2223845A,1680289440000,,,Vacant,7,Sandtown-Winchester,1811 W NORTH AVE
2337206A,1704817260000,,,Vacant,7,Sandtown-Winchester,1813 W NORTH AVE
1989804A,1619626440000,,,Vacant,7,Sandtown-Winchester,1815 W NORTH AVE
2052529A,1634932440000,,,Vacant,7,Sandtown-Winchester,1821 W NORTH AVE
1495782A,1485256140000,,,Vacant,7,Sandtown-Winchester,1825 W NORTH AVE
691551A,1302281520000,,,Vacant,7,Sandtown-Winchester,1827 W NORTH AVE
681387A,1299665400000,,,Vacant,7,Sandtown-Winchester,1831 W NORTH AVE
971332A,1369413900000,,,Vacant,7,Sandtown-Winchester,1833 W NORTH AVE
80150A,1124205600000,,,Vacant,7,Sandtown-Winchester,1835 W NORTH AVE
2586226A,1765311780000,,,Vacant,7,Sandtown-Winchester,1837 W NORTH AVE
2222991A,1679778180000,,,Vacant,7,Sandtown-Winchester,1849 W NORTH AVE
169966A,1164889020000,,,Vacant,7,Sandtown-Winchester,1851 W NORTH AVE
485120A,1252428000000,,,Vacant,7,Sandtown-Winchester,1853 W NORTH AVE
1245120A,1433439600000,,,Vacant,7,Sandtown-Winchester,1827 N MONROE ST
2218815A,1680290220000,,,Vacant,7,Sandtown-Winchester,1823 N MONROE ST
837319A,1337079240000,,,Vacant,7,Sandtown-Winchester,1821 N MONROE ST
30886A,1100131200000,,,Vacant,7,Sandtown-Winchester,1817 N MONROE ST
2593459A,1765197060000,,,Vacant,7,Sandtown-Winchester,1813 N MONROE ST
1852346A,1571407560000,,,Vacant,7,Sandtown-Winchester,1803 N MONROE ST
2536548A,1752274920000,,,Vacant,7,Sandtown-Winchester,1838 WESTWOOD AVE
1776159A,1554459900000,,,Vacant,7,Sandtown-Winchester,1832 WESTWOOD AVE
2350767A,1708895640000,,,Vacant,7,Sandtown-Winchester,1801 MCKEAN AVE
1046996A,1387558140000,,,Vacant,7,Sandtown-Winchester,1815 N FULTON AVE
2471056A,1738163340000,,,Vacant,7,Sandtown-Winchester,1817 N FULTON AVE
1040120A,1386952440000,,,Vacant,7,Sandtown-Winchester,1821 N FULTON AVE
1064384A,1395073260000,,,Vacant,7,Sandtown-Winchester,1823 N FULTON AVE
2052638A,1634932920000,,,Vacant,7,Sandtown-Winchester,1825 N FULTON AVE
2489798A,1743007140000,,,Vacant,7,Easterwood,1704 N PAYSON ST
2511143A,1749236580000,,,Vacant,7,Easterwood,1706 N PAYSON ST
1597264A,1508756400000,,,Vacant,7,Sandtown-Winchester,1731 W NORTH AVE
2594570A,1764774780000,,,Vacant,7,Sandtown-Winchester,1729 W NORTH AVE
1972168A,1614085740000,,,Vacant,7,Sandtown-Winchester,1723 W NORTH AVE
2497415A,1745151540000,,,Vacant,7,Sandtown-Winchester,1719 W NORTH AVE
1075417A,1397750940000,,,Vacant,7,Sandtown-Winchester,1715 W NORTH AVE
2355645A,1710415680000,,,Vacant,7,Sandtown-Winchester,1713 W NORTH AVE
829054A,1334849640000,,,Vacant,7,Sandtown-Winchester,1711 W NORTH AVE
1515320A,1490973000000,,,Vacant,7,Sandtown-Winchester,1703 W NORTH AVE
294664A,1204046340000,,,Vacant,7,Sandtown-Winchester,1826 N MOUNT ST
2480745A,1740156780000,,,Vacant,7,Sandtown-Winchester,1808 N MOUNT ST
2515006A,1749638880000,,,Vacant,7,Sandtown-Winchester,1806 N MOUNT ST
2017169A,1625843340000,,,Vacant,7,Sandtown-Winchester,1809 PRESSTMAN ST
2222680A,1679589000000,,,Vacant,7,Sandtown-Winchester,1400 N MOUNT ST
1419727A,1469025600000,,,Vacant,7,Sandtown-Winchester,1428 N MOUNT ST
1692630A,1531232160000,,,Vacant,7,Sandtown-Winchester,1434 N MOUNT ST
2131100A,1656673320000,,,Vacant,7,Sandtown-Winchester,1436 N MOUNT ST
1699958A,1532862180000,,,Vacant,7,Sandtown-Winchester,1703 PRESSTMAN ST
1699959A,1532862180000,,,Vacant,7,Sandtown-Winchester,1705 PRESSTMAN ST
2403652A,1719674220000,,,Vacant,7,Sandtown-Winchester,1711 PRESSTMAN ST
2470224A,1736420940000,,,Vacant,7,Sandtown-Winchester,1721 PRESSTMAN ST
2441896A,1727553840000,,,Vacant,7,Sandtown-Winchester,1415 N FULTON AVE
2486164A,1742062020000,,,Vacant,7,Sandtown-Winchester,1417 N FULTON AVE
2344213A,1707143580000,,,Vacant,7,Sandtown-Winchester,1419 N FULTON AVE
244604A,1190132700000,,,Vacant,9,Sandtown-Winchester,911 MCKEAN AVE
188913A,1175614740000,,,Vacant,9,Sandtown-Winchester,919 MCKEAN AVE
245591A,1190308560000,,,Vacant,9,Sandtown-Winchester,910 MCKEAN AVE
1875734A,1580488320000,,,Vacant,9,Sandtown-Winchester,908 MCKEAN AVE
252388A,1193221140000,,,Vacant,9,Sandtown-Winchester,906 MCKEAN AVE
1117114A,1405680660000,,,Vacant,9,Sandtown-Winchester,904 MCKEAN AVE
2208360A,1676673180000,,,Vacant,7,Sandtown-Winchester,1719 BAKER ST
1919502A,1596037260000,,,Vacant,7,Sandtown-Winchester,1559 N FULTON AVE
134125A,1147425600000,,,Vacant,7,Sandtown-Winchester,1549 N FULTON AVE
458206A,1247680500000,,,Vacant,7,Sandtown-Winchester,1547 N FULTON AVE
906580A,1353509040000,,,Vacant,7,Sandtown-Winchester,1543 N FULTON AVE
69343A,1120750200000,,,Vacant,7,Sandtown-Winchester,1541 N FULTON AVE
603285A,1279642980000,,,Vacant,7,Sandtown-Winchester,1533 N FULTON AVE
1765884A,1551012540000,,,Vacant,7,Sandtown-Winchester,1529 N FULTON AVE
72639A,1121859780000,,,Vacant,7,Sandtown-Winchester,1523 N FULTON AVE
2406459A,1720733820000,,,Vacant,7,Sandtown-Winchester,1513 N FULTON AVE
134624A,1147704120000,,,Vacant,7,Sandtown-Winchester,1507 N FULTON AVE
1617460A,1513357020000,,,Vacant,7,Sandtown-Winchester,1505 N FULTON AVE
831353A,1335452220000,,,Vacant,9,Sandtown-Winchester,1015 MCKEAN AVE
2551873A,1755169560000,,,Vacant,9,Sandtown-Winchester,1020 MCKEAN AVE
1618489A,1513777380000,,,Vacant,9,Sandtown-Winchester,1018 MCKEAN AVE
1962354A,1610109720000,,,Vacant,9,Sandtown-Winchester,1016 MCKEAN AVE
829642A,1334852040000,,,Vacant,9,Sandtown-Winchester,1014 MCKEAN AVE
1609394A,1515075240000,,,Vacant,9,Sandtown-Winchester,1006 MCKEAN AVE
2350762A,1708803720000,,,Vacant,9,Sandtown-Winchester,1002 MCKEAN AVE
2325558A,1701187620000,,,Vacant,9,Midtown-Edmondson,921 APPLETON ST
1471127A,1481636580000,,,Vacant,9,Sandtown-Winchester,1043 N FULTON AVE
1962962A,1610436000000,,,Vacant,9,Sandtown-Winchester,1041 N FULTON AVE
1227267A,1431102180000,,,Vacant,9,Midtown-Edmondson,916 APPLETON ST
137567A,1149092760000,,,Vacant,9,Midtown-Edmondson,914 APPLETON ST
2617456A,1771430940000,,,Vacant,9,Sandtown-Winchester,1016 N GILMOR ST
2617508A,1771431000000,,,Vacant,9,Sandtown-Winchester,1018 N GILMOR ST
2437736A,1726418520000,,,Vacant,10,Ridgely's Delight,337 S FREMONT AVE
1352649A,1462983300000,,,Vacant,9,Carrollton Ridge,500 S BENTALOU ST
360056A,1221495000000,,,Vacant,9,Carrollton Ridge,502 S BENTALOU ST
2513097A,1747842300000,,,Vacant,9,Carrollton Ridge,504 S BENTALOU ST
2365263A,1712837220000,,,Vacant,9,Carrollton Ridge,522 S SMALLWOOD ST
603281A,1279549080000,,,Vacant,9,Carrollton Ridge,530 S SMALLWOOD ST
124726A,1142443800000,,,Vacant,9,Carrollton Ridge,508 S BENTALOU ST
1808479A,1561644540000,,,Vacant,9,Carrollton Ridge,510 S BENTALOU ST
1910613A,1593680640000,,,Vacant,9,Carrollton Ridge,516 S BENTALOU ST
1735386A,1539880500000,,,Vacant,9,Carrollton Ridge,522 S BENTALOU ST
1917108A,1595329020000,,,Vacant,9,Carrollton Ridge,524 S BENTALOU ST
496662A,1254501060000,,,Vacant,9,Carrollton Ridge,526 S BENTALOU ST
1189180A,1423929240000,,,Vacant,9,Carrollton Ridge,530 S BENTALOU ST
2057365A,1636129260000,,,Vacant,9,Carrollton Ridge,550 S BENTALOU ST
2583028A,1761732600000,,,Vacant,9,Carrollton Ridge,2356 WILKENS AVE
2473851A,1737992880000,,,Vacant,7,Druid Heights,1823 DRUID HILL AVE
2013430A,1700218380000,,,Vacant,7,Madison Park,1811 MADISON AVE
2506347A,1746725760000,,,Vacant,7,Madison Park,345 ROBERT ST
724290A,1308238320000,,,Vacant,9,Midtown-Edmondson,1928 W LAFAYETTE AVE
2294358A,1693922400000,,,Vacant,9,Sandtown-Winchester,1015 N ARLINGTON AVE
147255A,1153417380000,,,Vacant,9,Bridgeview/Greenlawn,2120 W LAFAYETTE AVE
2472422A,1737117240000,,,Vacant,9,Midtown-Edmondson,903 APPLETON ST
751247A,1313681640000,,,Vacant,9,Midtown-Edmondson,907 APPLETON ST
1660298A,1524582900000,,,Vacant,9,Midtown-Edmondson,915 APPLETON ST
180932A,1169217840000,,,Vacant,9,Midtown-Edmondson,906 APPLETON ST
2040894A,1632050400000,,,Vacant,9,Midtown-Edmondson,904 APPLETON ST
1065583A,1395415920000,,,Vacant,9,Midtown-Edmondson,902 APPLETON ST
156706A,1157037180000,,,Vacant,9,Midtown-Edmondson,900 APPLETON ST
2223844A,1680288720000,,,Vacant,9,Sandtown-Winchester,1813 MOSHER ST
773457A,1318613880000,,,Vacant,9,Sandtown-Winchester,1817 MOSHER ST
437810A,1244737320000,,,Vacant,9,Sandtown-Winchester,1821 MOSHER ST
294283A,1204035660000,,,Vacant,9,Sandtown-Winchester,1829 MOSHER ST
165425A,1161886320000,,,Vacant,9,Sandtown-Winchester,921 N MONROE ST
2047081A,1633443420000,,,Vacant,9,Sandtown-Winchester,919 N MONROE ST
813365A,1330446360000,,,Vacant,9,Sandtown-Winchester,917 N MONROE ST
2629161A,1774558860000,,,Vacant,9,Sandtown-Winchester,1812 W LAFAYETTE AVE
305914A,1207914300000,,,Vacant,9,Sandtown-Winchester,1810 W LAFAYETTE AVE
2351534A,1708899900000,,,Vacant,10,Washington Village/Pigtown,1201 W CROSS ST
2397163A,1718386980000,,,Vacant,10,Washington Village/Pigtown,1115 WARD ST
2398922A,1718890740000,,,Vacant,10,Washington Village/Pigtown,1117 WARD ST
2198874A,1674138900000,,,Vacant,10,Washington Village/Pigtown,1119 WARD ST
2414232A,1721997000000,,,Vacant,10,Washington Village/Pigtown,1133 WARD ST
2553029A,1755657720000,,,Vacant,10,Washington Village/Pigtown,1143 WARD ST
2467018A,1734938400000,,,Vacant,10,Washington Village/Pigtown,1359 CARROLL ST
253285A,1203087060000,,,Vacant,9,Sandtown-Winchester,1607 RIGGS AVE
264292A,1203087000000,,,Vacant,9,Sandtown-Winchester,1609 RIGGS AVE
2548463A,1755110460000,,,Vacant,9,Midtown-Edmondson,1941 MOSHER ST
2368439A,1713361140000,,,Vacant,9,Midtown-Edmondson,1939 MOSHER ST
1601080A,1508753880000,,,Vacant,9,Sandtown-Winchester,1045 N MOUNT ST
1679488A,1529069880000,,,Vacant,9,Sandtown-Winchester,1041 N MOUNT ST
1680359A,1532860980000,,,Vacant,9,Sandtown-Winchester,1039 N MOUNT ST
1617661A,1513774080000,,,Vacant,9,Sandtown-Winchester,1035 N MOUNT ST
1617662A,1513774140000,,,Vacant,9,Sandtown-Winchester,1029 N MOUNT ST
2022619A,1627163220000,,,Vacant,9,Sandtown-Winchester,1019 N MOUNT ST
1882479A,1582819440000,,,Vacant,9,Midtown-Edmondson,1925 MOSHER ST
2604026A,1768227780000,,,Vacant,9,Midtown-Edmondson,1923 MOSHER ST
472686A,1251224160000,,,Vacant,9,Sandtown-Winchester,1314 MOSHER ST
941700A,1363618500000,,,Vacant,9,Sandtown-Winchester,1316 MOSHER ST
458102A,1249409400000,,,Vacant,9,Sandtown-Winchester,1318 MOSHER ST
188950A,1187797260000,,,Vacant,9,Sandtown-Winchester,1320 MOSHER ST
34730A,1102464000000,,,Vacant,9,Sandtown-Winchester,1322 MOSHER ST
292357A,1202995080000,,,Vacant,9,Sandtown-Winchester,1324 MOSHER ST
194292A,1178044380000,,,Vacant,9,Sandtown-Winchester,1326 MOSHER ST
1492155A,1484835900000,,,Vacant,9,Sandtown-Winchester,1328 MOSHER ST
298412A,1205859540000,,,Vacant,9,Sandtown-Winchester,1330 MOSHER ST
1758737A,1548582420000,,,Vacant,9,Sandtown-Winchester,1332 MOSHER ST
1804933A,1562167020000,,,Vacant,9,Sandtown-Winchester,1334 MOSHER ST
1966480A,1611539880000,,,Vacant,9,Sandtown-Winchester,1336 MOSHER ST
768070A,1317386700000,,,Vacant,9,Sandtown-Winchester,1338 MOSHER ST
1723612A,1537092840000,,,Vacant,9,Sandtown-Winchester,1340 MOSHER ST
1723613A,1537092780000,,,Vacant,9,Sandtown-Winchester,1342 MOSHER ST
480094A,1251381060000,,,Vacant,9,Sandtown-Winchester,1344 MOSHER ST
1751144A,1545648060000,,,Vacant,9,Midtown-Edmondson,1938 W LAFAYETTE AVE
1780607A,1555494240000,,,Vacant,9,Sandtown-Winchester,1346 MOSHER ST
2493044A,1743966180000,,,Vacant,12,Gay Street,822 N BOND ST
2225482A,1680537120000,,,Vacant,9,Sandtown-Winchester,1205 N WOODYEAR ST
1628036A,1515762840000,,,Vacant,9,Carrollton Ridge,2360 WILKENS AVE
2202050A,1676223000000,,,Vacant,9,Carrollton Ridge,527 S CATHERINE ST
2356754A,1710920700000,,,Vacant,9,Carrollton Ridge,529 S CATHERINE ST
2545703A,1761311460000,,,Vacant,9,Carrollton Ridge,531 S CATHERINE ST
2583027A,1761732660000,,,Vacant,9,Carrollton Ridge,534 S SMALLWOOD ST
1624981A,1514080380000,,,Vacant,9,Carrollton Ridge,536 S SMALLWOOD ST
1874558A,1586179260000,,,Vacant,9,Carrollton Ridge,2248 WILKENS AVE
2257199A,1686730440000,,,Vacant,9,Carrollton Ridge,535 S BENTALOU ST
1883810A,1583333640000,,,Vacant,9,Carrollton Ridge,533 S BENTALOU ST
2524011A,1757514300000,,,Vacant,9,Carrollton Ridge,529 S BENTALOU ST
1543906A,1502049000000,,,Vacant,9,Carrollton Ridge,527 S BENTALOU ST
1861225A,1577979480000,,,Vacant,9,Carrollton Ridge,523 S BENTALOU ST
420148A,1239031080000,,,Vacant,9,Carrollton Ridge,515 S BENTALOU ST
2473519A,1737617760000,,,Vacant,9,Carrollton Ridge,511 S BENTALOU ST
2530845A,1751383920000,,,Vacant,9,Carrollton Ridge,509 S BENTALOU ST
2587357A,1762646880000,,,Vacant,9,Carrollton Ridge,507 S BENTALOU ST
2587359A,1762516680000,,,Vacant,9,Carrollton Ridge,503 S BENTALOU ST
479089A,1251388440000,,,Vacant,9,Carrollton Ridge,2227 ASHTON ST
2605685A,1768486860000,,,Vacant,9,Carrollton Ridge,2215 ASHTON ST
137120A,1149184080000,,,Vacant,9,Carrollton Ridge,2213 ASHTON ST
1896254A,1588861680000,,,Vacant,9,Carrollton Ridge,2211 ASHTON ST
2587355A,1762419000000,,,Vacant,9,Carrollton Ridge,2200 CHRISTIAN ST
1029793A,1382714340000,,,Vacant,9,Carrollton Ridge,2204 CHRISTIAN ST
2074598A,1642773180000,,,Vacant,9,Carrollton Ridge,2206 CHRISTIAN ST
2473054A,1737469020000,,,Vacant,10,Washington Village/Pigtown,1256 CARROLL ST
458190A,1247680500000,,,Vacant,7,Sandtown-Winchester,1431 N FULTON AVE
1888000A,1584117060000,,,Vacant,7,Sandtown-Winchester,1435 N FULTON AVE
775535A,1319649660000,,,Vacant,7,Sandtown-Winchester,1437 N FULTON AVE
2342309A,1706213100000,,,Vacant,7,Sandtown-Winchester,1312 N FULTON AVE
1367798A,1458744360000,,,Vacant,7,Sandtown-Winchester,1834 LAURENS ST
2151770A,1660747260000,,,Vacant,7,Sandtown-Winchester,1832 LAURENS ST
1972198A,1614193140000,,,Vacant,7,Sandtown-Winchester,1826 LAURENS ST
2628227A,1774809480000,,,Vacant,7,Sandtown-Winchester,1300 N MOUNT ST
2464604A,1734440400000,,,Vacant,9,Upton,664 PITCHER ST
1780054A,1556113620000,,,Vacant,9,Upton,658 PITCHER ST
2480477A,1740324000000,,,Vacant,9,Upton,654 PITCHER ST
2193689A,1672917120000,,,Vacant,9,Harlem Park,714 N FULTON AVE
257525A,1193075520000,,,Vacant,9,Harlem Park,716 N FULTON AVE
100869A,1133431560000,,,Vacant,9,Harlem Park,718 N FULTON AVE
2096622A,1649770260000,,,Vacant,9,Harlem Park,726 N FULTON AVE
369819A,1225212960000,,,Vacant,9,Harlem Park,728 N FULTON AVE
774123A,1319222820000,,,Vacant,9,Harlem Park,1809 W LANVALE ST
1833255A,1566571200000,,,Vacant,9,Harlem Park,1811 W LANVALE ST
2211202A,1681166100000,,,Vacant,9,Harlem Park,732 N FULTON AVE
264651A,1195035840000,,,Vacant,9,Harlem Park,734 N FULTON AVE
2056831A,1636121400000,,,Vacant,9,Harlem Park,736 N FULTON AVE
934144A,1362141960000,,,Vacant,9,Harlem Park,744 N FULTON AVE
2514842A,1748013240000,,,Vacant,9,Harlem Park,1813 W LANVALE ST
1509933A,1489164000000,,,Vacant,9,Harlem Park,1815 W LANVALE ST
1615277A,1512569880000,,,Vacant,9,Harlem Park,1817 W LANVALE ST
458167A,1247679900000,,,Vacant,9,Harlem Park,1819 W LANVALE ST
2473103A,1737470340000,,,Vacant,9,Harlem Park,1825 W LANVALE ST
2226786A,1680799440000,,,Vacant,9,Harlem Park,1833 W LANVALE ST
2350453A,1708984080000,,,Vacant,9,Harlem Park,721 N MONROE ST
2416037A,1724079300000,,,Vacant,9,Harlem Park,715 N MONROE ST
304988A,1207767600000,,,Vacant,9,Harlem Park,709 N MONROE ST
1364067A,1458052920000,,,Vacant,9,Harlem Park,707 N MONROE ST
1740698A,1541086080000,,,Vacant,9,Harlem Park,705 N MONROE ST
2433428A,1725976620000,,,Vacant,9,Harlem Park,1826 HARLEM AVE
1579841A,1504178700000,,,Vacant,9,Harlem Park,1816 HARLEM AVE
2105187A,1652272080000,,,Vacant,9,Harlem Park,1804 HARLEM AVE
121287A,1140711240000,,,Vacant,9,Harlem Park,1811 RAYNER AVE
602894A,1288371480000,,,Vacant,9,Harlem Park,1813 RAYNER AVE
2624208A,1773241200000,,,Vacant,9,Harlem Park,1815 RAYNER AVE
2626416A,1773938640000,,,Vacant,9,Harlem Park,1817 RAYNER AVE
563924A,1274955240000,,,Vacant,9,Harlem Park,1819 RAYNER AVE
2471930A,1737097620000,,,Vacant,9,Harlem Park,1826 RAYNER AVE
1692591A,1531233600000,,,Vacant,9,Harlem Park,1818 RAYNER AVE
1590062A,1506813660000,,,Vacant,9,Harlem Park,1727 W LANVALE ST
2001351A,1622229960000,,,Vacant,9,Harlem Park,745 N FULTON AVE
899193A,1350918780000,,,Vacant,9,Harlem Park,733 N FULTON AVE
409966A,1235404020000,,,Vacant,7,Sandtown-Winchester,1614 MCKEAN AVE
2515000A,1749638520000,,,Vacant,7,Sandtown-Winchester,1616 MCKEAN AVE
727843A,1308846960000,,,Vacant,7,Sandtown-Winchester,1618 MCKEAN AVE
697406A,1303991880000,,,Vacant,7,Sandtown-Winchester,1620 MCKEAN AVE
2470679A,1736855880000,,,Vacant,7,Sandtown-Winchester,1626 MCKEAN AVE
1203160A,1424446140000,,,Vacant,7,Sandtown-Winchester,1628 MCKEAN AVE
1648867A,1521193800000,,,Vacant,7,Sandtown-Winchester,1630 MCKEAN AVE
212230A,1182508800000,,,Vacant,7,Sandtown-Winchester,1805 PRESBURY ST
1766271A,1551611460000,,,Vacant,7,Sandtown-Winchester,1809 PRESBURY ST
1748676A,1545641040000,,,Vacant,7,Sandtown-Winchester,1603 N MONROE ST
1727016A,1537705140000,,,Vacant,7,Sandtown-Winchester,1605 N MONROE ST
1541247A,1496324340000,,,Vacant,7,Sandtown-Winchester,1607 N MONROE ST
2225478A,1680537060000,,,Vacant,7,Sandtown-Winchester,1609 N MONROE ST
2504817A,1746749160000,,,Vacant,7,Sandtown-Winchester,1635 N MONROE ST
2225497A,1680537180000,,,Vacant,7,Sandtown-Winchester,1639 N MONROE ST
690450A,1302020400000,,,Vacant,7,Sandtown-Winchester,1601 MCKEAN AVE
2052527A,1634932320000,,,Vacant,7,Sandtown-Winchester,1608 N FULTON AVE
623686A,1283963880000,,,Vacant,7,Sandtown-Winchester,1610 N FULTON AVE
295296A,1204189020000,,,Vacant,7,Sandtown-Winchester,1622 N FULTON AVE
30132A,1099872000000,,,Vacant,7,Sandtown-Winchester,1624 N FULTON AVE
746478A,1312991640000,,,Vacant,7,Sandtown-Winchester,1607 MCKEAN AVE
2515008A,1749639180000,,,Vacant,7,Sandtown-Winchester,1609 MCKEAN AVE
1472050A,1481902920000,,,Vacant,7,Sandtown-Winchester,1611 MCKEAN AVE
1068358A,1396599900000,,,Vacant,7,Sandtown-Winchester,1632 N FULTON AVE
184886A,1172684460000,,,Vacant,7,Sandtown-Winchester,1634 N FULTON AVE
1756755A,1547639880000,,,Vacant,7,Sandtown-Winchester,1636 N FULTON AVE
2279094A,1691146140000,,,Vacant,7,Sandtown-Winchester,1642 N FULTON AVE
295486A,1205860440000,,,Vacant,7,Sandtown-Winchester,1646 N FULTON AVE
2612001A,1770735660000,,,Vacant,7,Sandtown-Winchester,1648 N FULTON AVE
2566313A,1757612940000,,,Vacant,7,Sandtown-Winchester,1650 N FULTON AVE
2052648A,1634933580000,,,Vacant,7,Sandtown-Winchester,1652 N FULTON AVE
2343859A,1707491400000,,,Vacant,7,Sandtown-Winchester,1654 N FULTON AVE
490804A,1253294340000,,,Vacant,7,Sandtown-Winchester,1619 MCKEAN AVE
1050638A,1391188800000,,,Vacant,7,Sandtown-Winchester,1625 MCKEAN AVE
263391A,1194970860000,,,Vacant,7,Sandtown-Winchester,1627 MCKEAN AVE
1068268A,1396601760000,,,Vacant,7,Sandtown-Winchester,1633 MCKEAN AVE
2225490A,1680537180000,,,Vacant,7,Sandtown-Winchester,1639 MCKEAN AVE
1050641A,1389717900000,,,Vacant,7,Sandtown-Winchester,1641 MCKEAN AVE
2514926A,1749638520000,,,Vacant,7,Sandtown-Winchester,1607 N FULTON AVE
2618298A,1771615980000,,,Vacant,7,Sandtown-Winchester,1609 N FULTON AVE
999741A,1374250860000,,,Vacant,7,Sandtown-Winchester,1613 N FULTON AVE
1040212A,1387203840000,,,Vacant,7,Sandtown-Winchester,1615 N FULTON AVE
295285A,1204188840000,,,Vacant,7,Sandtown-Winchester,1617 N FULTON AVE
1286656A,1440690960000,,,Vacant,7,Sandtown-Winchester,1631 N FULTON AVE
1072660A,1397145660000,,,Vacant,7,Sandtown-Winchester,1643 N FULTON AVE
2208097A,1676650680000,,,Vacant,9,Sandtown-Winchester,1026 N CAREY ST
1962439A,1610120340000,,,Vacant,9,Midtown-Edmondson,1944 W LAFAYETTE AVE
89693A,1127923260000,,,Vacant,9,Sandtown-Winchester,1004 N CAREY ST
2227260A,1681165860000,,,Vacant,9,Midtown-Edmondson,901 N PAYSON ST
1275634A,1439569140000,,,Vacant,9,Midtown-Edmondson,903 N PAYSON ST
37529A,1104710400000,,,Vacant,9,Midtown-Edmondson,1913 MOSHER ST
2267487A,1688649300000,,,Vacant,9,Sandtown-Winchester,1031 N CAREY ST
2210045A,1677836280000,,,Vacant,9,Sandtown-Winchester,1033 N CAREY ST
1649517A,1521197100000,,,Vacant,9,Sandtown-Winchester,1037 N CAREY ST
1539726A,1496158620000,,,Vacant,9,Sandtown-Winchester,1024 N CARROLLTON AVE
2105751A,1652458920000,,,Vacant,9,Bridgeview/Greenlawn,924 N PAYSON ST
2316286A,1699871460000,,,Vacant,9,Bridgeview/Greenlawn,922 N PAYSON ST
1885118A,1582907580000,,,Vacant,9,Sandtown-Winchester,911 N GILMOR ST
2337141A,1704964800000,,,Vacant,9,Sandtown-Winchester,913 1/2 N GILMOR ST
330719A,1213979880000,,,Vacant,9,Sandtown-Winchester,915 N GILMOR ST
368477A,1223568660000,,,Vacant,9,Sandtown-Winchester,919 N GILMOR ST
89576A,1127905920000,,,Vacant,9,Sandtown-Winchester,921 N GILMOR ST
583262A,1275995580000,,,Vacant,12,Oliver,1606 E LAFAYETTE AVE
2584727A,1761844380000,,,Vacant,12,Oliver,1610 E LAFAYETTE AVE
1087859A,1400510760000,,,Vacant,12,Johnston Square,1317 VALLEY ST
1038313A,1386253980000,,,Vacant,12,Johnston Square,1319 VALLEY ST
2446109A,1729243920000,,,Vacant,12,Johnston Square,1325 VALLEY ST
2467538A,1735566480000,,,Vacant,12,Johnston Square,1329 VALLEY ST
1890190A,1584694800000,,,Vacant,12,Johnston Square,1308 ENSOR ST
277067A,1197446520000,,,Vacant,12,Johnston Square,920 E PRESTON ST
1191622A,1421770560000,,,Vacant,12,Johnston Square,910 E PRESTON ST
1877193A,1581605100000,,,Vacant,12,Johnston Square,1300 WILCOX ST
212097A,1182340920000,,,Vacant,12,Johnston Square,1302 WILCOX ST
2404941A,1720024020000,,,Vacant,12,Oliver,1002 E PRESTON ST
1071162A,1400862300000,,,Vacant,12,Oliver,1004 E PRESTON ST
2497347A,1745332680000,,,Vacant,12,Oliver,1006 E PRESTON ST
2584729A,1761844380000,,,Vacant,12,Oliver,1012 E PRESTON ST
2316085A,1698320580000,,,Vacant,12,Oliver,1104 E PRESTON ST
2473501A,1737720600000,,,Vacant,12,Oliver,1106 E PRESTON ST
2593444A,1764366540000,,,Vacant,12,Oliver,1300 AISQUITH ST
2404844A,1720183860000,,,Vacant,12,Oliver,1302 AISQUITH ST
270298A,1197372480000,,,Vacant,12,Oliver,1306 AISQUITH ST
2587212A,1762531200000,,,Vacant,12,Oliver,1308 AISQUITH ST
2585292A,1761927240000,,,Vacant,12,Oliver,1310 AISQUITH ST
2026877A,1627987860000,,,Vacant,12,Oliver,1314 AISQUITH ST
2602105A,1768228500000,,,Vacant,12,Oliver,1316 AISQUITH ST
2602107A,1767827820000,,,Vacant,12,Oliver,1326 AISQUITH ST
2314673A,1697849460000,,,Vacant,12,Oliver,1328 AISQUITH ST
1868930A,1577781360000,,,Vacant,12,Oldtown,926 E MONUMENT ST
805231A,1327505820000,,,Vacant,7,Easterwood,2041 W NORTH AVE
1780434A,1555750500000,,,Vacant,7,Easterwood,2039 W NORTH AVE
927919A,1359728340000,,,Vacant,7,Easterwood,2033 W NORTH AVE
2470571A,1736851680000,,,Vacant,7,Easterwood,2031 W NORTH AVE
2630095A,1774967940000,,,Vacant,7,Easterwood,2021 W NORTH AVE
2363421A,1712744580000,,,Vacant,7,Easterwood,2017 W NORTH AVE
2472169A,1738138920000,,,Vacant,7,Easterwood,1820 N PAYSON ST
650080A,1292345820000,,,Vacant,7,Easterwood,1810 N PAYSON ST
290009A,1202473740000,,,Vacant,7,Easterwood,1806 N PAYSON ST
1774329A,1555750560000,,,Vacant,7,Easterwood,1802 N PAYSON ST
662322A,1295350680000,,,Vacant,7,Easterwood,1800 N PAYSON ST
1696318A,1532245920000,,,Vacant,7,Easterwood,2002 WESTWOOD AVE
1115813A,1405525620000,,,Vacant,7,Easterwood,2008 WESTWOOD AVE
618449A,1283365740000,,,Vacant,7,Easterwood,2010 WESTWOOD AVE
1990358A,1620026160000,,,Vacant,7,Easterwood,2016 WESTWOOD AVE
1912688A,1594308180000,,,Vacant,7,Easterwood,2020 WESTWOOD AVE
1862121A,1574679000000,,,Vacant,7,Easterwood,1803 N PULASKI ST
1148404A,1411647780000,,,Vacant,7,Easterwood,1807 N PULASKI ST
240605A,1188926340000,,,Vacant,7,Easterwood,1811 N PULASKI ST
129767A,1145372820000,,,Vacant,7,Easterwood,1819 N PULASKI ST
278795A,1198061640000,,,Vacant,7,Easterwood,1825 N PULASKI ST
247455A,1190980140000,,,Vacant,7,Easterwood,1818 N MONROE ST
1357930A,1456743360000,,,Vacant,7,Easterwood,1820 N MONROE ST
1661999A,1525425120000,,,Vacant,7,Easterwood,1822 N MONROE ST
934059A,1361524320000,,,Vacant,7,Easterwood,1824 N MONROE ST
2470153A,1744129260000,,,Vacant,7,Easterwood,1901 W NORTH AVE
433075A,1242231300000,,,Vacant,7,Easterwood,1907 W NORTH AVE
1788036A,1557159720000,,,Vacant,7,Easterwood,1913 W NORTH AVE
648682A,1292334600000,,,Vacant,7,Easterwood,1917 W NORTH AVE
1504911A,1487852880000,,,Vacant,7,Easterwood,1919 W NORTH AVE
1539686A,1496143620000,,,Vacant,7,Easterwood,1921 W NORTH AVE
2491711A,1760633940000,,,Vacant,7,Easterwood,1923 W NORTH AVE
2338259A,1705420200000,,,Vacant,7,Easterwood,1925 W NORTH AVE
1412889A,1467379080000,,,Vacant,7,Easterwood,1933 W NORTH AVE
2338252A,1705419300000,,,Vacant,7,Easterwood,1935 W NORTH AVE
41985A,1107820800000,,,Vacant,7,Easterwood,1937 W NORTH AVE
1432584A,1471280340000,,,Vacant,7,Easterwood,1941 W NORTH AVE
427164A,1241179740000,,,Vacant,7,Easterwood,1943 W NORTH AVE
1050007A,1393590720000,,,Vacant,7,Easterwood,1945 W NORTH AVE
1150274A,1421247240000,,,Vacant,7,Easterwood,1947 W NORTH AVE
1128154A,1407507240000,,,Vacant,7,Easterwood,1949 W NORTH AVE
139723A,1150121760000,,,Vacant,7,Easterwood,1821 N PAYSON ST
1069990A,1396622460000,,,Vacant,7,Easterwood,1819 N PAYSON ST
1659442A,1524942180000,,,Vacant,7,Easterwood,1817 N PAYSON ST
588131A,1277195100000,,,Vacant,7,Easterwood,1809 N PAYSON ST
1740786A,1541084880000,,,Vacant,7,Easterwood,1810 APPLETON ST
80139A,1124205600000,,,Vacant,7,Easterwood,1820 APPLETON ST
1646741A,1520583120000,,,Vacant,7,Easterwood,1825 APPLETON ST
1372747A,1460130240000,,,Vacant,7,Sandtown-Winchester,1800 N FULTON AVE
2470605A,1765439280000,,,Vacant,7,Sandtown-Winchester,1804 N FULTON AVE
2241572A,1683844740000,,,Vacant,7,Sandtown-Winchester,1806 N FULTON AVE
2407222A,1720700220000,,,Vacant,7,Sandtown-Winchester,1814 N FULTON AVE
2406456A,1720733760000,,,Vacant,9,Sandtown-Winchester,1113 N CARROLLTON AVE
295988A,1204973760000,,,Vacant,9,Sandtown-Winchester,1107 N CARROLLTON AVE
817193A,1331808480000,,,Vacant,9,Sandtown-Winchester,1105 N CARROLLTON AVE
2197845A,1673521260000,,,Vacant,9,Sandtown-Winchester, 
347331A,1218468000000,,,Vacant,9,Sandtown-Winchester,1120 RIGGS AVE
2377920A,1715676960000,,,Vacant,9,Sandtown-Winchester,1118 RIGGS AVE
205882A,1181239140000,,,Vacant,9,Sandtown-Winchester,1116 RIGGS AVE
749219A,1313082420000,,,Vacant,9,Midtown-Edmondson,1902 MOSHER ST
2170692A,1664528580000,,,Vacant,9,Midtown-Edmondson,1946 MOSHER ST
1614562A,1512320940000,,,Vacant,9,Bridgeview/Greenlawn,2229 RIGGS AVE
2545700A,1754869980000,,,Vacant,9,Sandtown-Winchester,1002 N FULTON AVE
252226A,1199375820000,,,Vacant,9,Sandtown-Winchester,1006 N FULTON AVE
1659753A,1524582720000,,,Vacant,9,Sandtown-Winchester,1014 N FULTON AVE
449454A,1246029960000,,,Vacant,9,Sandtown-Winchester,1016 N FULTON AVE
1962961A,1610435760000,,,Vacant,9,Sandtown-Winchester,1022 N FULTON AVE
2293984A,1693919520000,,,Vacant,9,Sandtown-Winchester,1030 N FULTON AVE
514014A,1258730820000,,,Vacant,9,Midtown-Edmondson,910 N MONROE ST
2225489A,1680537180000,,,Vacant,9,Sandtown-Winchester,1021 N MONROE ST
1469157A,1480952760000,,,Vacant,9,Sandtown-Winchester,1019 N MONROE ST
662494A,1295445180000,,,Vacant,9,Sandtown-Winchester,1017 N MONROE ST
235850A,1187611740000,,,Vacant,9,Sandtown-Winchester,1013 N MONROE ST
1832987A,1566485640000,,,Vacant,9,Sandtown-Winchester,1011 N MONROE ST
728528A,1308930840000,,,Vacant,9,Sandtown-Winchester,1009 N MONROE ST
1502596A,1487070060000,,,Vacant,9,Sandtown-Winchester,1007 N MONROE ST
1211273A,1426782060000,,,Vacant,11,Upton,1320 MCCULLOH ST
1750857A,1545427620000,,,Vacant,11,Upton,1313 DRUID HILL AVE
2606496A,1769366460000,,,Vacant,11,Upton,1309 DRUID HILL AVE
1697653A,1531997700000,,,Vacant,11,Upton,1307 DRUID HILL AVE
2422669A,1723476420000,,,Vacant,11,Madison Park,1315 MADISON AVE
2471921A,1737019440000,,,Vacant,9,Harlem Park,1502 W LANVALE ST
2497419A,1745704500000,,,Vacant,9,Harlem Park,1504 W LANVALE ST
2338373A,1705425420000,,,Vacant,9,Harlem Park,1506 W LANVALE ST
415734A,1237479660000,,,Vacant,9,Harlem Park,1508 W LANVALE ST
2338375A,1705425420000,,,Vacant,9,Harlem Park,1510 W LANVALE ST
2594677A,1765197000000,,,Vacant,9,Midtown-Edmondson,1941 LAURETTA AVE
2073819A,1642703340000,,,Vacant,9,Midtown-Edmondson,1943 LAURETTA AVE
2593509A,1765197060000,,,Vacant,9,Midtown-Edmondson,1945 LAURETTA AVE
182443A,1170421440000,,,Vacant,9,Midtown-Edmondson,1948 W FRANKLIN ST
2478736A,1740156780000,,,Vacant,9,Midtown-Edmondson,1946 W FRANKLIN ST
1186482A,1419953580000,,,Vacant,9,Midtown-Edmondson,1902 W FRANKLIN ST
2042275A,1703618280000,,,Vacant,9,Harlem Park,506 N FULTON AVE
999744A,1374251880000,,,Vacant,9,Harlem Park,508 N FULTON AVE
769345A,1317918240000,,,Vacant,9,Harlem Park,1809 EDMONDSON AVE
292108A,1208332440000,,,Vacant,9,Harlem Park,522 N FULTON AVE
182088A,1170338460000,,,Vacant,9,Harlem Park,524 N FULTON AVE
996438A,1374505740000,,,Vacant,9,Harlem Park,526 N FULTON AVE
423745A,1239968520000,,,Vacant,9,Harlem Park,528 N FULTON AVE
2249930A,1685113140000,,,Vacant,9,Harlem Park,530 N FULTON AVE
1936145A,1599845820000,,,Vacant,9,Harlem Park,534 N FULTON AVE
2056817A,1636120740000,,,Vacant,9,Harlem Park,540 N FULTON AVE
244243A,1189786260000,,,Vacant,9,Harlem Park,548 N FULTON AVE
2222751A,1680616740000,,,Vacant,9,Harlem Park,509 N MONROE ST
2262642A,1703618460000,,,Vacant,9,Harlem Park,507 N MONROE ST
1253849A,1435768080000,,,Vacant,9,Harlem Park,505 N MONROE ST
2222632A,1680615660000,,,Vacant,9,Harlem Park,503 N MONROE ST
1506675A,1488370200000,,,Vacant,9,Harlem Park,1834 W FRANKLIN ST
2033005A,1630089120000,,,Vacant,9,Harlem Park,1830 W FRANKLIN ST
813722A,1331566020000,,,Vacant,9,Harlem Park,1828 W FRANKLIN ST
458302A,1247743860000,,,Vacant,9,Harlem Park,1826 W FRANKLIN ST
2169264A,1664552520000,,,Vacant,9,Harlem Park,1816 W FRANKLIN ST
463368A,1249127160000,,,Vacant,9,Harlem Park,1810 W FRANKLIN ST
1797831A,1559303340000,,,Vacant,9,Harlem Park,1806 W FRANKLIN ST
845359A,1338313080000,,,Vacant,9,Harlem Park,1800 LAURETTA AVE
560220A,1272292920000,,,Vacant,9,Harlem Park,1802 LAURETTA AVE
781129A,1320859020000,,,Vacant,9,Harlem Park,1821 LAURETTA AVE
2471928A,1737097560000,,,Vacant,9,Harlem Park,1819 LAURETTA AVE
440047A,1244223960000,,,Vacant,9,Harlem Park,1817 LAURETTA AVE
781180A,1321374780000,,,Vacant,9,Harlem Park,1815 LAURETTA AVE
2306645A,1695924600000,,,Vacant,9,Harlem Park,1813 LAURETTA AVE
785833A,1322830620000,,,Vacant,9,Harlem Park,1811 LAURETTA AVE
266523A,1195648980000,,,Vacant,9,Harlem Park,1809 LAURETTA AVE
246879A,1190647140000,,,Vacant,9,Harlem Park,514 N MOUNT ST
810107A,1329484860000,,,Vacant,9,Harlem Park,516 N MOUNT ST
265749A,1195476840000,,,Vacant,9,Harlem Park,518 N MOUNT ST
731872A,1310117880000,,,Vacant,7,Sandtown-Winchester,1809 N MOUNT ST
2336006A,1704486960000,,,Vacant,7,Sandtown-Winchester,1807 N MOUNT ST
1432658A,1471281060000,,,Vacant,7,Sandtown-Winchester,1628 WESTWOOD AVE
90888A,1129801920000,,,Vacant,7,Easterwood,2001 WESTWOOD AVE
2052277A,1634830620000,,,Vacant,7,Sandtown-Winchester,1802 N CAREY ST
2343131A,1706293080000,,,Vacant,7,Sandtown-Winchester,1804 N CAREY ST
2470724A,1736855700000,,,Vacant,7,Sandtown-Winchester,1816 N WOODYEAR ST
1720868A,1537091760000,,,Vacant,7,Sandtown-Winchester,1824 N WOODYEAR ST
2371349A,1714123980000,,,Vacant,7,Sandtown-Winchester,1826 N WOODYEAR ST
289992A,1202477580000,,,Vacant,7,Easterwood,2009 WESTWOOD AVE
2262570A,1688048820000,,,Vacant,7,Easterwood,2011 WESTWOOD AVE
2338214A,1705417980000,,,Vacant,7,Easterwood,2015 WESTWOOD AVE
2106137A,1652272680000,,,Vacant,7,Easterwood,2017 WESTWOOD AVE
1352277A,1454678700000,,,Vacant,7,Easterwood,2019 WESTWOOD AVE
2580335A,1765398300000,,,Vacant,7,Easterwood,1703 N PULASKI ST
453108A,1246979220000,,,Vacant,7,Easterwood,1705 N PULASKI ST
2331230A,1702993680000,,,Vacant,7,Easterwood,1719 N PULASKI ST
401162A,1232002920000,,,Vacant,7,Easterwood,2002 PRESBURY ST
2511135A,1749236460000,,,Vacant,7,Easterwood,2006 PRESBURY ST
1796436A,1559032680000,,,Vacant,7,Easterwood,1706 N MONROE ST
